ao,preposicao
aos,preposicao
a,preposicao
as,preposicao
de,preposicao
do,preposicao
dos,preposicao
da,preposicao
das,preposicao
dum,preposicao
duns,preposicao
duma,preposicao
dumas,preposicao
em,preposicao
no,preposicao
nos,preposicao
na,preposicao
nas,preposicao
num,preposicao
nuns,preposicao
numa,preposicao
numas,preposicao
por,preposicao
pro,preposicao
pra,preposicao
pros,preposicao
pras,preposicao
pelo,preposicao
pelos,preposicao
pela,preposicao
pelas,preposicao
dele,preposicao
nele,preposicao
dela,preposicao
nela,preposicao
deles,preposicao
nelas,preposicao
deste,preposicao
neste,preposicao
disto,preposicao
nisto,preposicao
desse,preposicao
nesse,preposicao
disso,preposicao
nisso,preposicao
aquele,preposicao
aquilo,preposicao
praquele,preposicao
praquilo,preposicao
daquele,preposicao
daquilo,preposicao
naquele,preposicao
naquilo,preposicao
